designs,synID,prediction,actual
sasc,66,0.035451647,-0.768528
sasc,46,0.035692498,-1.184999
sasc,419,0.036421414,-0.768528
sasc,556,0.03802357,0.064414196
sasc,972,0.040315695,0.89735633
sasc,739,0.04183633,-0.3520569
sasc,874,0.041884713,-0.3520569
sasc,723,0.044186447,-0.3520569
